{
    "neurons": [
        2,
        2,
        1
    ],
    "weights": [
        -0.6190075467754168,
        0.8976618770626268,
        1.2488077591829645,
        -0.47355769335569686,
        -0.664161294350794,
        0.5331937644238045
    ]
}